Vendor ID,Display Name,Print on Check Name,Company Name,Active,Balance
581,080 CAFE T2BENGALURU AIRPORT SERVICES LTD,080 CAFE T2BENGALURU AIRPORT SERVICES LTD,080 CAFE T2BENGALURU AIRPORT SERVICES LTD,True,0.0
93,104 West 27th Street LLC,104 West 27th Street LLC,104 West 27th Street LLC,True,0.0
472,17 Mile Media LLC,17 Mile Media LLC,17 Mile Media LLC,True,0.0
656,180 Madison PRISA II LLC,180 Madison PRISA II LLC,180 Madison PRISA II LLC,True,56836.05
728,1936 WINES & SPIRITSPARK 34 LIQUOR STORE INC,1936 WINES & SPIRITSPARK 34 LIQUOR STORE INC,1936 WINES & SPIRITSPARK 34 LIQUOR STORE INC,True,0.0
94,1Password,1Password,1Password,True,0.0
733,3 GUYS RESTAURANTZANIMAD FOOD CORP,3 GUYS RESTAURANTZANIMAD FOOD CORP,3 GUYS RESTAURANTZANIMAD FOOD CORP,True,0.0
872,3302 SFO KITAVATASTES ON THE FLY SAN FRANCISCO LLC,3302 SFO KITAVATASTES ON THE FLY SAN FRANCISCO LLC,3302 SFO KITAVATASTES ON THE FLY SAN FRANCISCO LLC,True,0.0
878,3303 SFO NAPAFARMS-COFFEETASTES ON THE FLY SAN FRA,3303 SFO NAPAFARMS-COFFEETASTES ON THE FLY SAN FRA,3303 SFO NAPAFARMS-COFFEETASTES ON THE FLY SAN FRA,True,0.0
720,40TH & MADISONDIG 286 MADISON AVENUE LLC,40TH & MADISONDIG 286 MADISON AVENUE LLC,40TH & MADISONDIG 286 MADISON AVENUE LLC,True,0.0
744,450 PARK AVENUE LLCTBH COFFEE HOLDCO LLC,450 PARK AVENUE LLCTBH COFFEE HOLDCO LLC,450 PARK AVENUE LLCTBH COFFEE HOLDCO LLC,True,0.0
864,"6W24 Super ECC, LLC","6W24 Super ECC, LLC","6W24 Super ECC, LLC",True,0.0
95,7-Eleven,7-Eleven,7-Eleven,True,0.0
622,"A2L, LLC/Steve Friedman",Steve M Friedman,Steve M Friedman,True,0.0
934,AB Leverache (DBA Inex One),AB Leverache (DBA Inex One),AB Leverache (DBA Inex One),True,0.0
619,ABRAHAM JASKIEL DMD PA,ABRAHAM JASKIEL DMD PA,ABRAHAM JASKIEL DMD PA,True,0.0
742,ACE'S PIZZA - ROCKEFELLER CENTERACE'S ROCK LLC,ACE'S PIZZA - ROCKEFELLER CENTERACE'S ROCK LLC,ACE'S PIZZA - ROCKEFELLER CENTERACE'S ROCK LLC,True,0.0
816,ADOBE WEBSALES,ADOBE WEBSALES,ADOBE WEBSALES,True,0.0
896,ALOFT BENGALURU OUTER RING ROADNOVO THEMES PROPERT,ALOFT BENGALURU OUTER RING ROADNOVO THEMES PROPERT,ALOFT BENGALURU OUTER RING ROADNOVO THEMES PROPERT,True,0.0
669,ALOFT CHELSEAKAM FOOK GROUP LLC,ALOFT CHELSEAKAM FOOK GROUP LLC,ALOFT CHELSEAKAM FOOK GROUP LLC,True,0.0
815,AMAZON MARKEPLACE NA  PA,AMAZON MARKEPLACE NA  PA,AMAZON MARKEPLACE NA  PA,True,0.0
827,AMAZON MARKEPLACE NA  PAAMAZON COM INC,AMAZON MARKEPLACE NA  PAAMAZON COM INC,AMAZON MARKEPLACE NA  PAAMAZON COM INC,True,0.0
672,AMAZON MARKEPLACE NA PA,AMAZON MARKEPLACE NA PA,AMAZON MARKEPLACE NA PA,True,0.0
673,AMAZON PRIME NOW,AMAZON PRIME NOW,AMAZON PRIME NOW,True,0.0
675,AMAZON PRIME NOW TIPS,AMAZON PRIME NOW TIPS,AMAZON PRIME NOW TIPS,True,0.0
923,AMAZON US PRIME,AMAZON US PRIME,AMAZON US PRIME,True,0.0
814,AMAZON.COM LLC,AMAZON.COM LLC,AMAZON.COM LLC,True,0.0
830,AMAZON.COM LLCAMAZON.COM SERVICES LLC,AMAZON.COM LLCAMAZON.COM SERVICES LLC,AMAZON.COM LLCAMAZON.COM SERVICES LLC,True,0.0
573,AMTRACK PENN STN NEWSTANDFABER COE & GREGG INC,AMTRACK PENN STN NEWSTANDFABER COE & GREGG INC,AMTRACK PENN STN NEWSTANDFABER COE & GREGG INC,True,0.0
917,AMTRAK.COM,AMTRAK.COM,AMTRAK.COM,True,0.0
487,ANASTASIA SVIRIDOVA,ANASTASIA SVIRIDOVA,ANASTASIA SVIRIDOVA,True,0.0
544,ANDIAMO PIZZABEK3 LLC,ANDIAMO PIZZABEK3 LLC,ANDIAMO PIZZABEK3 LLC,True,0.0
561,ANGELINA BAKERY NOMADJS BAKERY INC,ANGELINA BAKERY NOMADJS BAKERY INC,ANGELINA BAKERY NOMADJS BAKERY INC,True,0.0
951,"ANTHROPIC, PBC","ANTHROPIC, PBC","ANTHROPIC, PBC",True,0.0
949,APILAYER DATA PRODUCTS GMBH,APILAYER DATA PRODUCTS GMBH,APILAYER DATA PRODUCTS GMBH,True,0.0
106,APL Exchange Rates API,APL Exchange Rates API,APL Exchange Rates API,True,0.0
636,APPLE UK KIOSKApple Operations International Limit,APPLE UK KIOSKApple Operations International Limit,APPLE UK KIOSKApple Operations International Limit,True,0.0
597,APPLE.COM - USAAPPLE INC,APPLE.COM - USAAPPLE INC,APPLE.COM - USAAPPLE INC,True,0.0
108,ARIA - DIN TAI FUNG,ARIA - DIN TAI FUNG,ARIA - DIN TAI FUNG,True,0.0
664,"ARISTON CAFE78 5TH AVENUE KAFENEIO,","ARISTON CAFE78 5TH AVENUE KAFENEIO,","ARISTON CAFE78 5TH AVENUE KAFENEIO,",True,0.0
110,AT&T,AT&T,AT&T,True,0.0
838,ATOBOYATOBOY LLC,ATOBOYATOBOY LLC,ATOBOYATOBOY LLC,True,0.0
918,AUTH0 BY OKTA,AUTH0 BY OKTA,AUTH0 BY OKTA,True,0.0
718,AUX MERVEILLEUX DE FRED WEST VILLAGE AKAAUX MERVEI,AUX MERVEILLEUX DE FRED WEST VILLAGE AKAAUX MERVEI,AUX MERVEILLEUX DE FRED WEST VILLAGE AKAAUX MERVEI,True,0.0
587,"Action Carting Environmental Services, Inc","Action Carting Environmental Services, Inc","Action Carting Environmental Services, Inc",True,0.0
532,Adam Bhatti,Adam Bhatti,,True,464.0
96,Adam Weinstein,Adam Weinstein,Adam Weinstein,True,0.0
97,Adobe,Adobe,Adobe,True,0.0
98,Air Canada,Air Canada,Air Canada,True,0.0
367,Alex Johnson,Alex Johnson,,True,0.0
451,Alexa Denherder,Alexa Denherder,,True,0.0
627,Althea Clarke,Althea Clarke,,True,0.0
99,Amazon,Amazon,Amazon,True,0.0
100,Amazon Web Services (AWS),Amazon Web Services (AWS),Amazon Web Services (AWS),True,0.0
101,American Airlines,American Airlines,American Airlines,True,0.0
385,American Cancer Society,American Cancer Society,American Cancer Society,True,0.0
593,American Express-1,American Express-1,American Express-1,True,0.0
102,AmexFee,AmexFee,AmexFee,True,0.0
103,Amtrak,Amtrak,Amtrak,True,0.0
449,Andaz (CC),Andaz (CC),Andaz (CC),True,0.0
931,"Ande.ai, Inc.","Ande.ai, Inc.","Ande.ai, Inc.",True,0.0
104,Andrew Cestone,Andrew Cestone,Summit Ascent,True,0.0
105,AngelList,AngelList,AngelList,True,0.0
348,Ann Marie Collins,Ann Marie Collins,,True,0.0
331,Anuj Singh,Anuj Singh,,True,0.0
107,Apple store,Apple store,Apple store,True,0.0
486,Arnold Friedland,Arnold Friedland,Arnold Friedland,True,0.0
109,Asana,Asana,Asana,True,0.0
535,"Assembly Group, LLC","Assembly Group, LLC","Assembly Group, LLC",True,0.0
448,"Association for Corporate Growth, Inc.","Association for Corporate Growth, Inc.","Association for Corporate Growth, Inc.",True,0.0
660,Atlas Search LLC,Atlas Search LLC,Atlas Search LLC,True,0.0
111,Atlassian,Atlassian,Atlassian,True,0.0
112,AtoZSigns,AtoZSigns,AtoZSigns,True,0.0
259,Audra Ryan,Audra Ryan,,True,0.0
113,Avalon,Avalon,Avalon,True,0.0
840,"Avrin, Andrew","Avrin, Andrew",,True,877.47
910,B&H PHOTO-VIDEO RETAILB & H PHOTO-VIDEO,B&H PHOTO-VIDEO RETAILB & H PHOTO-VIDEO,B&H PHOTO-VIDEO RETAILB & H PHOTO-VIDEO,True,0.0
114,B&H Photo,B&H Photo,B&H Photo,True,0.0
665,BARBUTOBARBUTO WEST LLC,BARBUTOBARBUTO WEST LLC,BARBUTOBARBUTO WEST LLC,True,0.0
559,BARE BURGERBB 57 LLC,BARE BURGERBB 57 LLC,BARE BURGERBB 57 LLC,True,0.0
842,BARKING DOG IIIENZOGROUPNYC INC,BARKING DOG IIIENZOGROUPNYC INC,BARKING DOG IIIENZOGROUPNYC INC,True,0.0
116,BART,BART,BART,True,0.0
721,BEL AMI CAFE LEXINGTONVL DELIGHTS LEXINGTON,BEL AMI CAFE LEXINGTONVL DELIGHTS LEXINGTON,BEL AMI CAFE LEXINGTONVL DELIGHTS LEXINGTON,True,0.0
904,BEST OF WINES,BEST OF WINES,BEST OF WINES,True,0.0
953,BETAX DOF B&E TAX,BETAX DOF B&E TAX,BETAX DOF B&E TAX,True,0.0
913,BETAX DOF B&E TAXCITY OF NEW YORK,BETAX DOF B&E TAXCITY OF NEW YORK,BETAX DOF B&E TAXCITY OF NEW YORK,True,0.0
938,BEVI,BEVI,BEVI,True,0.0
921,"BILT REWARDSBILT TECHNOLOGIES, INC.","BILT REWARDSBILT TECHNOLOGIES, INC.","BILT REWARDSBILT TECHNOLOGIES, INC.",True,0.0
674,BIRLEY CLUBSMBH GROUP UK LIMITED,BIRLEY CLUBSMBH GROUP UK LIMITED,BIRLEY CLUBSMBH GROUP UK LIMITED,True,0.0
791,BLACK FOX COFFEEBLACK FOX COFFEE CO,BLACK FOX COFFEEBLACK FOX COFFEE CO,BLACK FOX COFFEEBLACK FOX COFFEE CO,True,0.0
745,BOSTON HARBOR HOTELROWES WHARF ASSOCIATES,BOSTON HARBOR HOTELROWES WHARF ASSOCIATES,BOSTON HARBOR HOTELROWES WHARF ASSOCIATES,True,0.0
920,BRASSERIE COGNAC EASTBRASSERIE COGNAC EAST CORP.,BRASSERIE COGNAC EASTBRASSERIE COGNAC EAST CORP.,BRASSERIE COGNAC EASTBRASSERIE COGNAC EAST CORP.,True,0.0
592,BRITISH AIRWAYS US DIRECT ECOMMBRITISH AIRWAYS PLC,BRITISH AIRWAYS US DIRECT ECOMMBRITISH AIRWAYS PLC,BRITISH AIRWAYS US DIRECT ECOMMBRITISH AIRWAYS PLC,True,0.0
618,BRONXVILLE DINERSISTERSTWO LLC,BRONXVILLE DINERSISTERSTWO LLC,BRONXVILLE DINERSISTERSTWO LLC,True,0.0
647,BUN MEEBUN MEE LLC,BUN MEEBUN MEE LLC,BUN MEEBUN MEE LLC,True,0.0
821,BURGER FED CONC L ORDHMS HOST,BURGER FED CONC L ORDHMS HOST,BURGER FED CONC L ORDHMS HOST,True,0.0
736,BUTTERCUP BAKE SHOPBUTTERCUP,BUTTERCUP BAKE SHOPBUTTERCUP,BUTTERCUP BAKE SHOPBUTTERCUP,True,0.0
115,"Baker Tilly US, LLP","Baker Tilly US, LLP","Baker Tilly US, LLP",True,859.95
853,"Bannon, Doug","Bannon, Doug","Bannon, Doug",True,0.0
455,Bar Taco (CC),Bar Taco (CC),Bar Taco (CC),True,0.0
465,Ben Coupe,Ben Coupe,,True,0.0
347,Best BET Communications LLC,Best BET Communications LLC,Best BET Communications LLC,True,0.0
117,Best Western Hotel,Best Western Hotel,Best Western Hotel,True,0.0
685,Bill Holding LLC,Bill Holding LLC,Bill Holding LLC,True,0.0
118,Billy Kaufman,Billy Kaufman,,True,0.0
654,Blank Street,Blank Street,Blank Street,True,0.0
119,Bombay Sandwich Company,Bombay Sandwich Company,Bombay Sandwich Company,True,0.0
120,Booking.com,Booking.com,Booking.com,True,0.0
353,Boutique Workplace,Boutique Workplace,Boutique Workplace,True,0.0
121,Boxed,Boxed,Boxed,True,0.0
122,"BrightTALK, Inc.","BrightTALK, Inc.","BrightTALK, Inc.",True,0.0
358,Brittany Franco,Brittany Franco,,True,0.0
372,Briya Speight,Briya Speight,,True,0.0
390,Bull Media LLC,Bull Media,Bull Media LLC,True,0.0
342,Business Importer App,Business Importer App,Business Importer App,True,0.0
123,Buttercup,Buttercup,Buttercup,True,0.0
670,"C & J BUS LINESJALBERT LEASING, INC.","C & J BUS LINESJALBERT LEASING, INC.","C & J BUS LINESJALBERT LEASING, INC.",True,0.0
643,CABVISIONCABVISION NETWORK LTD,CABVISIONCABVISION NETWORK LTD,CABVISIONCABVISION NETWORK LTD,True,0.0
572,CAFE SABARSKYNEUE GALERIE NEW YORK,CAFE SABARSKYNEUE GALERIE NEW YORK,CAFE SABARSKYNEUE GALERIE NEW YORK,True,0.0
610,CALENDLY,CALENDLY,CALENDLY,True,0.0
914,CANVA PTY LTD,CANVA PTY LTD,CANVA PTY LTD,True,0.0
788,CAPITAL GRILLE 8006RARE HOSPITALITY MGMT INC,CAPITAL GRILLE 8006RARE HOSPITALITY MGMT INC,CAPITAL GRILLE 8006RARE HOSPITALITY MGMT INC,True,0.0
820,CAPPUCCINO GINO,CAPPUCCINO GINO,CAPPUCCINO GINO,True,0.0
743,"CARILLON MIAMI WELLNESS RCARILLON HOTEL, LLC","CARILLON MIAMI WELLNESS RCARILLON HOTEL, LLC","CARILLON MIAMI WELLNESS RCARILLON HOTEL, LLC",True,0.0
884,CASA NEOS MIAMI LLC,CASA NEOS MIAMI LLC,CASA NEOS MIAMI LLC,True,0.0
562,CECCONIS NED NOMADNED NY 28TH LLC,CECCONIS NED NOMADNED NY 28TH LLC,CECCONIS NED NOMADNED NY 28TH LLC,True,0.0
579,CHARISHMA  HOTELS PRIVATE LIMITED,CHARISHMA  HOTELS PRIVATE LIMITED,CHARISHMA  HOTELS PRIVATE LIMITED,True,0.0
724,CHELSEA PANTRYCHELSEA PANTRY CORP,CHELSEA PANTRYCHELSEA PANTRY CORP,CHELSEA PANTRYCHELSEA PANTRY CORP,True,0.0
661,CHELSEADIG INN 275 SEVENTH AVENUE LLC,CHELSEADIG INN 275 SEVENTH AVENUE LLC,CHELSEADIG INN 275 SEVENTH AVENUE LLC,True,0.0
955,CHICK-FIL-A # 04430,CHICK-FIL-A # 04430,CHICK-FIL-A # 04430,True,0.0
890,"CIBT HOLDINGS, INC.","CIBT HOLDINGS, INC.","CIBT HOLDINGS, INC.",True,0.0
692,"CIBT HOLDINGS, INC.CIBT, INC.","CIBT HOLDINGS, INC.CIBT, INC.","CIBT HOLDINGS, INC.CIBT, INC.",True,0.0
846,CINICO ON MADISONBVJH INTERNATIONAL CORPORATION,CINICO ON MADISONBVJH INTERNATIONAL CORPORATION,CINICO ON MADISONBVJH INTERNATIONAL CORPORATION,True,0.0
128,CITA Insurance Services,CITA Insurance Services,CITA Insurance Services,True,0.0
831,CITY HIVE INC,CITY HIVE INC,CITY HIVE INC,True,0.0
825,"CLAYTON HOTEL233 CLAYTON PARTNERS, LLC","CLAYTON HOTEL233 CLAYTON PARTNERS, LLC","CLAYTON HOTEL233 CLAYTON PARTNERS, LLC",True,0.0
599,COCO DI MAMA LIMITED,COCO DI MAMA LIMITED,COCO DI MAMA LIMITED,True,0.0
774,COOKIE GOODCOOKIE GOOD LLC,COOKIE GOODCOOKIE GOOD LLC,COOKIE GOODCOOKIE GOOD LLC,True,0.0
939,COSTCO WHOLESALE CORPORATION,COSTCO WHOLESALE CORPORATION,COSTCO WHOLESALE CORPORATION,True,0.0
481,CREATIST LA INC,CREATIST LA INC,CREATIST LA INC,True,0.0
614,CREATIVE MOBILE TECHNOLOGCREATIVE MOBILE TECHNOLOG,CREATIVE MOBILE TECHNOLOGCREATIVE MOBILE TECHNOLOG,CREATIVE MOBILE TECHNOLOGCREATIVE MOBILE TECHNOLOG,True,0.0
529,CROMPTON ALE HOUSE,CROMPTON ALE HOUSE,CROMPTON ALE HOUSE,True,0.0
639,"CRUMBLCRUMBL, LLC","CRUMBLCRUMBL, LLC","CRUMBLCRUMBL, LLC",True,0.0
135,CT Corporation,CT Corporation,CT Corporation,True,0.0
747,CTLP*CULINARY VENTURESPARAMOUNT VENDING SERVIC,CTLP*CULINARY VENTURESPARAMOUNT VENDING SERVIC,CTLP*CULINARY VENTURESPARAMOUNT VENDING SERVIC,True,0.0
642,CURB MOBILITYCURB MOBILITY LTD,CURB MOBILITYCURB MOBILITY LTD,CURB MOBILITYCURB MOBILITY LTD,True,0.0
546,CURB SVC. - TAXICURB MOBILITY,CURB SVC. - TAXICURB MOBILITY,CURB SVC. - TAXICURB MOBILITY,True,0.0
772,CUSTOM COOKIES,CUSTOM COOKIES,CUSTOM COOKIES,True,0.0
730,CVS,CVS,CVS,True,0.0
139,CXO Fortune,CXO Fortune,The Fortuner Hub LLC,True,0.0
444,Canva (CC),Canva (CC),Canva (CC),True,0.0
852,Carlos Jose Valdivia,Carlos Jose Valdivia,Carlos Jose Valdivia,True,0.0
124,"Carroll & Vounessea, LLP","Carroll & Vounessea, LLP","Carroll & Vounessea, LLP",True,0.0
924,"Carta, Inc.","Carta, Inc.","Carta, Inc.",True,0.0
515,Cassandra Smith,Cassandra Smith,,True,0.0
125,Centerbridge Partners (V),Centerbridge Partners (V),Centerbridge Partners (V),True,0.0
126,Chase,Chase,Chase,True,0.0
334,Circle K,Circle K,,True,0.0
127,CircleCI,CircleCI,CircleCI,True,0.0
434,Citgo,Citgo,,True,0.0
359,Citizens Bank National Association,Citizens Bank National Association,Citizens Bank National Association,True,0.0
493,Clockify,Clockify,Clockify,True,0.0
373,Clover Food,Clover Food,Clover Food,True,0.0
129,Columbia,Columbia,Columbia,True,0.0
130,Commonwealth of MA Dept. of Revenue,Commonwealth of MA Dept. of Revenue,Commonwealth of MA Dept. of Revenue,True,0.0
132,ConEdison,ConEdison,ConEdison,True,0.0
131,"Concertiv, Inc.","Concertiv, Inc.","Concertiv, Inc.",True,0.0
336,Consolidated Edison,Consolidated Edison,,True,0.0
428,ConvertCalculator,ConvertCalculator,ConvertCalculator,True,0.0
456,"Cordeiro, Andrew","Cordeiro, Andrew",,True,870.75
133,Coveralls,Coveralls,Coveralls,True,0.0
431,Craig R. Anderson,Craig R. Anderson,,True,0.0
851,"Creattie, Inc.","Creattie, Inc.","Creattie, Inc.",True,0.0
134,Crutchfield,Crutchfield,Crutchfield,True,0.0
136,Curb SVC LV New Cab,Curb SVC LV New Cab,Curb SVC LV New Cab,True,0.0
137,Curricula,Curricula,Curricula,True,0.0
138,Cvent,Cvent,"Cvent, Inc.",True,0.0
565,DEAR COFFEE,DEAR COFFEE,DEAR COFFEE,True,0.0
950,DELAWARE CORP & TAX WEB,DELAWARE CORP & TAX WEB,DELAWARE CORP & TAX WEB,True,0.0
819,DELAWARE CORP & TAX WEBDELAWARE DEPT OF STATE,DELAWARE CORP & TAX WEBDELAWARE DEPT OF STATE,DELAWARE CORP & TAX WEBDELAWARE DEPT OF STATE,True,0.0
824,DEN SMASH BURGER CONC B #SSP AMERICA INC,DEN SMASH BURGER CONC B #SSP AMERICA INC,DEN SMASH BURGER CONC B #SSP AMERICA INC,True,0.0
605,DIMSUM GARDEN MADISON AVEUS EZPAY INC,DIMSUM GARDEN MADISON AVEUS EZPAY INC,DIMSUM GARDEN MADISON AVEUS EZPAY INC,True,0.0
699,DIMSUM GARDENUS EZPAY INC,DIMSUM GARDENUS EZPAY INC,DIMSUM GARDENUS EZPAY INC,True,0.0
146,DJ Haskins,DJ Haskins,,True,0.0
147,DNH GoDaddy.com,DNH GoDaddy.com,DNH GoDaddy.com,True,0.0
542,"DON PEPI DELI, INC","DON PEPI DELI, INC","DON PEPI DELI, INC",True,0.0
879,DOORDASH.COM,DOORDASH.COM,DOORDASH.COM,True,0.0
679,"DOORDASHDOORDASH, INC.","DOORDASHDOORDASH, INC.","DOORDASHDOORDASH, INC.",True,0.0
598,DOS TOROS 315 SEVENTH AVEDT PARENTCO LLC,DOS TOROS 315 SEVENTH AVEDT PARENTCO LLC,DOS TOROS 315 SEVENTH AVEDT PARENTCO LLC,True,0.0
582,DT 636 LEXINGTONDT PARENTCO LLC,DT 636 LEXINGTONDT PARENTCO LLC,DT 636 LEXINGTONDT PARENTCO LLC,True,0.0
140,Dana Miller,Dana Miller,,True,0.0
534,Data-Tele Contractors Inc.,Data-Tele Contractors Inc.,Data-Tele Contractors Inc.,True,0.0
355,David O'Shaughnessy,David O'Shaughnessy,,True,0.0
141,Davis Realty,Davis Realty,Davis Realty,True,0.0
333,Dell,Dell,,True,0.0
142,Delta,Delta,Delta,True,0.0
560,Delta Air Lines,Delta Air Lines,Delta Air Lines,True,0.0
462,Department of Revenue Services Connecticut,Department of Revenue Services Connecticut,Department of Revenue Services Connecticut,True,0.0
396,"DiFilippo Corporate Finance Group, LLC","DiFilippo Corporate Finance Group, LLC","DiFilippo Corporate Finance Group, LLC",True,0.0
555,Dig Catering,Dig Catering,Dig Catering,True,0.0
143,Digital Ocean,Digital Ocean,Digital Ocean,True,0.0
144,DigitalOcean,DigitalOcean,DigitalOcean,True,0.0
148,DocuSign,DocuSign,DocuSign,True,0.0
757,Donnelly Mechanical Corp,Donnelly Mechanical Corp,Donnelly Mechanical Corp,True,653.25
149,Doordash,Doordash,Doordash,True,0.0
150,Doubletree,Doubletree,Doubletree,True,0.0
151,Droomba LLC,Droomba LLC,Droomba LLC,True,0.0
152,Dropbox,Dropbox,Dropbox,True,0.0
153,Duane Reade,Duane Reade,Duane Reade,True,0.0
790,EAST VILLAGE WINES,EAST VILLAGE WINES,EAST VILLAGE WINES,True,0.0
154,EB NYC Pride,EB NYC Pride,EB NYC Pride,True,0.0
735,EDCO AWARDS AND SPECIALTITROHPIES BY EDCO INC,EDCO AWARDS AND SPECIALTITROHPIES BY EDCO INC,EDCO AWARDS AND SPECIALTITROHPIES BY EDCO INC,True,0.0
676,EIN NEWS,EIN NEWS,EIN NEWS,True,0.0
473,EIN Presswire,EIN Presswire,EIN Presswire,True,0.0
916,EMIRATES INDIA WEBSALES - CCA PGEMIRATES,EMIRATES INDIA WEBSALES - CCA PGEMIRATES,EMIRATES INDIA WEBSALES - CCA PGEMIRATES,True,0.0
811,EMIRATES WEB,EMIRATES WEB,EMIRATES WEB,True,0.0
527,EMIRATES WEBEMIRATES,EMIRATES WEBEMIRATES,EMIRATES WEBEMIRATES,True,0.0
755,EMPIRE CRAFT BEER AND CO,EMPIRE CRAFT BEER AND CO,EMPIRE CRAFT BEER AND CO,True,0.0
671,EMPIRE MOVERS & STORAGE,EMPIRE MOVERS & STORAGE,EMPIRE MOVERS & STORAGE,True,0.0
844,ENCHANTING BAKES,ENCHANTING BAKES,ENCHANTING BAKES,True,0.0
784,"ENCORE BOSTON HARBORWYNN  MA,  LLC","ENCORE BOSTON HARBORWYNN  MA,  LLC","ENCORE BOSTON HARBORWYNN  MA,  LLC",True,0.0
620,ENCORE TICKETS LIMITED,ENCORE TICKETS LIMITED,ENCORE TICKETS LIMITED,True,0.0
897,"EZCATEREZ CATER, INC.","EZCATEREZ CATER, INC.","EZCATEREZ CATER, INC.",True,0.0
538,EZcater,EZcater,EZcater,True,0.0
706,East Coast Interior Decor Inc,East Coast Interior Decor Inc,East Coast Interior Decor Inc,True,0.0
155,Effexoft,Effexoft,Effexoft,True,0.0
500,Egon Zehnder International Inc.,Egon Zehnder International Inc.,Egon Zehnder International Inc.,True,0.0
156,EisnerAmper LLP,EisnerAmper LLP,EisnerAmper LLP,True,0.0
157,El Farolito,El Farolito,El Farolito,True,0.0
374,El Jefes,El Jefes,El Jefes,True,0.0
158,"Electric AI, Inc.","Electric AI, Inc.",,True,0.0
338,Elizabeth Iacovelli,Elizabeth Iacovelli,,True,0.0
159,Emerald Technology Recruitment Ltd,Emerald Technology Recruitment Ltd,Emerald Technology Recruitment Ltd,True,0.0
419,Emerald Technology Recruitment Ltd. (AUD),Emerald Technology Recruitment Ltd. (AUD),Emerald Technology Recruitment Ltd. (AUD),True,0.0
423,Emerald Technology Recruitment PTE Ltd (USA),Emerald Technology Recruitment PTE Ltd (USA),Emerald Technology Recruitment PTE Ltd (USA),True,0.0
421,Emirates,Emirates,,True,0.0
160,Entrust Group Indra Chandra Roth IRA,Entrust Group Indra Chandra Roth IRA,Entrust Group Indra Chandra Roth IRA,True,0.0
161,Evan Maguire,Evan Maguire,,True,0.0
414,Eve Nguyen,Eve Nguyen,,True,0.0
787,F AND B HOTELSB HOTEL OWNER LP,F AND B HOTELSB HOTEL OWNER LP,F AND B HOTELSB HOTEL OWNER LP,True,0.0
576,FAIRMONT COPLEY PLAZA F&BFAIRMONT HOTELS & RESORTS,FAIRMONT COPLEY PLAZA F&BFAIRMONT HOTELS & RESORTS,FAIRMONT COPLEY PLAZA F&BFAIRMONT HOTELS & RESORTS,True,0.0
630,"FAIRMONT HOTELMASON STREET ASSOCIATES, LLC","FAIRMONT HOTELMASON STREET ASSOCIATES, LLC","FAIRMONT HOTELMASON STREET ASSOCIATES, LLC",True,0.0
530,FAIRWAY MARKET 186 OF CHEVSM NY HOLDINGS LLC,FAIRWAY MARKET 186 OF CHEVSM NY HOLDINGS LLC,FAIRWAY MARKET 186 OF CHEVSM NY HOLDINGS LLC,True,0.0
829,FIFTEEN BEACON15 BEACON STREET LLC,FIFTEEN BEACON15 BEACON STREET LLC,FIFTEEN BEACON15 BEACON STREET LLC,True,0.0
688,FIGMA INC,FIGMA INC,FIGMA INC,True,0.0
857,"FIGMA, INC.","FIGMA, INC.","FIGMA, INC.",True,0.0
748,FLEMING'S PRIME STEAKHOUSOSI FLEMINGS LLC,FLEMING'S PRIME STEAKHOUSOSI FLEMINGS LLC,FLEMING'S PRIME STEAKHOUSOSI FLEMINGS LLC,True,0.0
759,FORUM HEALTH & PERSONAL CARE LLC,FORUM HEALTH & PERSONAL CARE LLC,FORUM HEALTH & PERSONAL CARE LLC,True,0.0
657,FOUR SEASONS NEW YORKFSR INTERNATIONAL HOTELS INC,FOUR SEASONS NEW YORKFSR INTERNATIONAL HOTELS INC,FOUR SEASONS NEW YORKFSR INTERNATIONAL HOTELS INC,True,0.0
165,FRB II Trust,FRB II Trust,FRB II Trust,True,0.0
854,FRIEDMANS,FRIEDMANS,FRIEDMANS,True,0.0
822,FRIEDMANSPHILLIPS 35 INC,FRIEDMANSPHILLIPS 35 INC,FRIEDMANSPHILLIPS 35 INC,True,0.0
436,Fairway Market,Fairway Market,,True,0.0
162,Fedex,Fedex,Fedex,True,0.0
163,Figma,Figma,Figma,True,0.0
164,Fiona Finch,Fiona Finch,,True,0.0
145,First Citizens Bank/CIT,First Citizens Bank/CIT,First Citizens Bank/CIT,True,0.0
684,"Focus Merchandising of New York, Inc","Focus Merchandising of New York, Inc","Focus Merchandising of New York, Inc",True,0.0
394,Fresh Market,Fresh Market,,True,0.0
469,Fromyourflowers,Fromyourflowers,Fromyourflowers,True,0.0
510,"GARTNER, INC.","GARTNER, INC.","GARTNER, INC.",True,0.0
435,GBTA (Global Business Travel Association),GBTA (Global Business Travel Association),GBTA (Global Business Travel Association),True,0.0
170,GMBH kissandfly,GMBH kissandfly,GMBH kissandfly,True,0.0
859,GODADDY.COM,GODADDY.COM,GODADDY.COM,True,0.0
520,GOOGLE SERVICES,GOOGLE SERVICES,GOOGLE SERVICES,True,0.0
782,GRADY'S COLD BREWKEBABPOLIS LLC DBA GRA,GRADY'S COLD BREWKEBABPOLIS LLC DBA GRA,GRADY'S COLD BREWKEBABPOLIS LLC DBA GRA,True,0.0
524,GREY BAR AND RESTAURANTFITZ KELOR VENTURES INC.,GREY BAR AND RESTAURANTFITZ KELOR VENTURES INC.,GREY BAR AND RESTAURANTFITZ KELOR VENTURES INC.,True,0.0
364,Geekbot,Geekbot,Geekbot,True,0.0
166,Geiger,Geiger,Geiger,True,0.0
167,"General Atlantic Service Company, LP (V)","General Atlantic Service Company, LP (V)","General Atlantic Service Company, LP (V)",True,0.0
168,George Navarro,George Navarro,,True,0.0
332,Github,Github,,True,0.0
169,Github.com,Github.com,Github.com,True,0.0
611,Global Fund Media Limited,Global Fund Media Limited,Global Fund Media Limited,True,0.0
522,Godaddy,Godaddy,Godaddy,True,0.0
171,Golden Flower Vietnamese,Golden Flower Vietnamese,Golden Flower Vietnamese,True,0.0
172,Google ADS,Google ADS,Google ADS,True,0.0
474,GrayFin Security LLC,"GrayFin Security, LLC","GrayFin Security, LLC",True,0.0
173,Green Express,Green Express,Green Express,True,0.0
174,GreenbergTraurig LLP,GreenbergTraurig LLP,GreenbergTraurig LLP,True,100409.5
467,Groupize Inc,Groupize Inc,Groupize Inc,True,0.0
175,Grubhub,Grubhub,Grubhub,True,0.0
176,Guideline,Guideline,Guideline,True,0.0
177,Guzman Advisory Partners LLP,"Guzman Advisory Partners, LLP",Guzman Advisory Partners LLP,True,0.0
793,HALE MCDONALDS #12785BUENA VIDA LLC,HALE MCDONALDS #12785BUENA VIDA LLC,HALE MCDONALDS #12785BUENA VIDA LLC,True,0.0
849,HARVARD BUSINESS REVIEWHARVARD BUSINESS SCHOOL PUB,HARVARD BUSINESS REVIEWHARVARD BUSINESS SCHOOL PUB,HARVARD BUSINESS REVIEWHARVARD BUSINESS SCHOOL PUB,True,0.0
746,HAWAIIAN AIRLINESHAWAIIAN AIRLINES INC,HAWAIIAN AIRLINESHAWAIIAN AIRLINES INC,HAWAIIAN AIRLINESHAWAIIAN AIRLINES INC,True,0.0
954,HEADSHOT SPECIALIST,HEADSHOT SPECIALIST,HEADSHOT SPECIALIST,True,0.0
946,HERTZ RENT A CAROVERLAND WEST INC,HERTZ RENT A CAROVERLAND WEST INC,HERTZ RENT A CAROVERLAND WEST INC,True,0.0
956,HOTEL PALOMAR PHILADELPHI,HOTEL PALOMAR PHILADELPHI,HOTEL PALOMAR PHILADELPHI,True,0.0
677,HUBSPOT,HUBSPOT,HUBSPOT,True,0.0
818,HUBSPOT INC,HUBSPOT INC,HUBSPOT INC,True,0.0
604,HUDSON NEWS JFKJFK AIR VENTURES II,HUDSON NEWS JFKJFK AIR VENTURES II,HUDSON NEWS JFKJFK AIR VENTURES II,True,0.0
646,HUDSON NEWSHG-KCGI-TEI JFK T8 JV,HUDSON NEWSHG-KCGI-TEI JFK T8 JV,HUDSON NEWSHG-KCGI-TEI JFK T8 JV,True,0.0
584,HYATT HOUSE CHELSEALEXIN NY 815 LLC,HYATT HOUSE CHELSEALEXIN NY 815 LLC,HYATT HOUSE CHELSEALEXIN NY 815 LLC,True,0.0
178,Hannah Swinerton,Hannah Swinerton,,True,0.0
179,Hannah Werner,Hannah Werner,,True,0.0
180,Harris Beach PLLC,Harris Beach PLLC,Harris Beach PLLC,True,0.0
686,Harry Blackall,Harry Blackall,,True,189.32
181,Heroku,Heroku,Heroku,True,0.0
707,Highline Building Services,Highline Building Services,Highline Building Services,True,3608.43
182,Hilton Hotel,Hilton Hotel,Hilton Hotel,True,0.0
391,How To SaaS Inc.,How To SaaS Inc.,How To SaaS Inc.,True,0.0
183,Howard Fischer Associates,Howard Fischer Associates,Howard Fischer Associates,True,0.0
184,Hubspot Inc.,Hubspot Inc.,Hubspot Inc.,True,0.0
185,Hudson News,Hudson News,Hudson News,True,0.0
186,Hunter,Hunter,Hunter,True,0.0
187,Hyatt Hotels,Hyatt Hotels,Hyatt Hotels,True,0.0
511,"Hydration Labs, Inc","Hydration Labs, Inc","Hydration Labs, Inc",True,0.0
189,IATA,IATA,IATA,True,0.0
947,IATA 15148740202,IATA 15148740202,IATA 15148740202,True,0.0
697,IATA 15148740202INT'L AIR TRANSPORT ASSOC,IATA 15148740202INT'L AIR TRANSPORT ASSOC,IATA 15148740202INT'L AIR TRANSPORT ASSOC,True,0.0
773,IL TINELLO,IL TINELLO,IL TINELLO,True,0.0
190,ILSA,ILSA,ILSA,True,0.0
912,IMAGING COLISEUM,IMAGING COLISEUM,IMAGING COLISEUM,True,0.0
929,"INSTACARTMAPLEBEAR, INC.","INSTACARTMAPLEBEAR, INC.","INSTACARTMAPLEBEAR, INC.",True,0.0
813,INTUIT QUICKBOOKS,INTUIT QUICKBOOKS,INTUIT QUICKBOOKS,True,0.0
613,IVISA DOCUMENT ADVISOR LLCDOCUMENT ADVISOR LLC,IVISA DOCUMENT ADVISOR LLCDOCUMENT ADVISOR LLC,IVISA DOCUMENT ADVISOR LLCDOCUMENT ADVISOR LLC,True,0.0
188,Iantan,Iantan,Iantan,True,0.0
415,Indeed,Indeed,Indeed,True,0.0
460,Informa UK (CC),Informa UK (CC),Informa UK (CC),True,0.0
191,Intelifi Incorporated,Intelifi Inc.,Intelifi Incorporated,True,0.0
192,Intuit,Intuit,Intuit,True,0.0
506,JConnelly,JConnelly,JConnelly,True,0.0
952,JETBLUE ARC,JETBLUE ARC,JETBLUE ARC,True,0.0
609,JETBRAINS AMERICAS,JETBRAINS AMERICAS,JETBRAINS AMERICAS,True,0.0
858,JETBRAINS AMERICAS INC,JETBRAINS AMERICAS INC,JETBRAINS AMERICAS INC,True,0.0
839,JETBRAINS AMERICAS INC.,JETBRAINS AMERICAS INC.,JETBRAINS AMERICAS INC.,True,0.0
603,JFK DD ARRIVALS-6353175SSP AMERICA INC,JFK DD ARRIVALS-6353175SSP AMERICA INC,JFK DD ARRIVALS-6353175SSP AMERICA INC,True,0.0
601,JFR 1740 RESTAURANT LLC,JFR 1740 RESTAURANT LLC,JFR 1740 RESTAURANT LLC,True,0.0
958,JPMORGANCHASE NYC-H,JPMORGANCHASE NYC-H,JPMORGANCHASE NYC-H,True,0.0
586,JUICE GENERATION 21JUICE GENERATION INC,JUICE GENERATION 21JUICE GENERATION INC,JUICE GENERATION 21JUICE GENERATION INC,True,0.0
388,Jabra,Jabra,Jabra,True,0.0
193,Jack Morgan,Jack Morgan,,True,0.0
194,"Jacobson Associates, Inc.","Jacobson Associates, Inc.","Jacobson Associates, Inc.",True,0.0
461,Jason Bloomfield,Jason Bloomfield,Jason Bloomfield,True,0.0
195,Jason Streciwilk,Jason Streciwilk,,True,0.0
494,Jay Fox,Jay Fox,Jay Fox,True,0.0
422,Jen Dzialo,Jen Dzialo,Jen Dzialo,True,0.0
411,Jennifer Chan,Jennifer Chan,,True,0.0
526,Jennifer Weng,Jennifer Weng,,True,0.0
196,JetBlue,JetBlue,JetBlue,True,0.0
197,Jetbrains,Jetbrains,Jetbrains,True,0.0
198,Jobot,Jobot LLC,Jobot LLC,True,0.0
452,Joe Flynn,Joe Flynn,,True,0.0
199,Joe's Pizza,Joe's Pizza,Joe's Pizza,True,0.0
200,John Malfettone,John Malfettone,"Malfettone Family Trust dated March 26, 2011",True,0.0
628,Jonathan Palmer,Jonathan Palmer,,True,0.0
201,Jordan Brown,Jordan Brown,,True,0.0
517,Jose Coirolo,Jose Coirolo,,True,0.0
400,Joseph Staropoli,Joseph Staropoli,,True,0.0
539,Justin Saltzman,Justin Saltzman,,True,0.0
202,Justworks,Justworks,Justworks,True,0.0
376,"KBR Consulting, LLC","KBR Consulting, LLC","KBR Consulting, LLC",True,0.0
780,KEBABPOLIS LLC DBA GRA,KEBABPOLIS LLC DBA GRA,KEBABPOLIS LLC DBA GRA,True,0.0
869,"KEENS STEAKHOUSEKEENS STEAK, LLC","KEENS STEAKHOUSEKEENS STEAK, LLC","KEENS STEAKHOUSEKEENS STEAK, LLC",True,0.0
783,KLEIN'S BAKERY & CAFESWEET TULIPS LLC,KLEIN'S BAKERY & CAFESWEET TULIPS LLC,KLEIN'S BAKERY & CAFESWEET TULIPS LLC,True,0.0
837,KOCHISC HOSPITALITY LLC,KOCHISC HOSPITALITY LLC,KOCHISC HOSPITALITY LLC,True,0.0
478,Kellie Bird,Kellie Bird,,True,0.0
203,Konica Minolta Premier Finance,Konica Minolta Premier Finance,Konica Minolta Premier Finance,True,0.0
375,Korn Ferry (US),Korn Ferry (US),Korn Ferry (US),True,0.0
204,Kovrr Inc,Kovrr Inc,Kovrr Inc,True,0.0
426,Kristian Kletke,Kristian Kletke,,True,0.0
466,Kristian Kletke Growth Marketing,Kristian Kletke Growth Marketing,Kristian Kletke Growth Marketing,True,0.0
715,Kristin Salazar,Kristin Salazar,,True,0.0
484,Kyle Wilamowski,Kyle Wilamowski,Kyle Wilamowski,True,0.0
716,"L'OSTERIAMHH 1590, LLC","L'OSTERIAMHH 1590, LLC","L'OSTERIAMHH 1590, LLC",True,0.0
695,LA BOMBONIERA,LA BOMBONIERA,LA BOMBONIERA,True,0.0
590,LA CHILAQUERIA NYCNEW YORK MAKES ME HUNGRY INC,LA CHILAQUERIA NYCNEW YORK MAKES ME HUNGRY INC,LA CHILAQUERIA NYCNEW YORK MAKES ME HUNGRY INC,True,0.0
826,LA MERISE,LA MERISE,LA MERISE,True,0.0
703,LAZ PARKING M05376-AMANOLAZ KARP ASSOCIATES LLC,LAZ PARKING M05376-AMANOLAZ KARP ASSOCIATES LLC,LAZ PARKING M05376-AMANOLAZ KARP ASSOCIATES LLC,True,0.0
895,LEGENDS NEW YORK CITY,LEGENDS NEW YORK CITY,LEGENDS NEW YORK CITY,True,0.0
799,LEMON SQUEEZY LLC,LEMON SQUEEZY LLC,LEMON SQUEEZY LLC,True,0.0
523,LENOVO,LENOVO,LENOVO,True,0.0
549,LENOVOLENOVO UNITED STATES INC,LENOVOLENOVO UNITED STATES INC,LENOVOLENOVO UNITED STATES INC,True,0.0
616,LENWICHLENWICH 23RD LLC,LENWICHLENWICH 23RD LLC,LENWICHLENWICH 23RD LLC,True,0.0
758,LEONARD WILSON,LEONARD WILSON,LEONARD WILSON,True,0.0
915,LINKEDIN ADVERTISING,LINKEDIN ADVERTISING,LINKEDIN ADVERTISING,True,0.0
771,LITTLE TOASTEDLITTLE TOASTED LLC,LITTLE TOASTEDLITTLE TOASTED LLC,LITTLE TOASTEDLITTLE TOASTED LLC,True,0.0
835,LOLA,LOLA,LOLA,True,0.0
608,LOLAFORUM HEALTH & PERSONAL CARE LLC,LOLAFORUM HEALTH & PERSONAL CARE LLC,LOLAFORUM HEALTH & PERSONAL CARE LLC,True,0.0
644,LOS GALLOS TAQUERIALOS GALLOS TAQUERIA JMG,LOS GALLOS TAQUERIALOS GALLOS TAQUERIA JMG,LOS GALLOS TAQUERIALOS GALLOS TAQUERIA JMG,True,0.0
213,LPGP Connect,LPGP Connect,LPGP Connect,True,0.0
766,LUNARLUNAR USA INC,LUNARLUNAR USA INC,LUNARLUNAR USA INC,True,0.0
215,LYFT,LYFT,LYFT,True,0.0
205,Lakeview Accounting Solutions,Lakeview Accounting Solutions,Lakeview Accounting Solutions,True,0.0
206,"Langer & McLaughlin, LLP","Langer & McLaughlin, LLP","Langer & McLaughlin, LLP",True,0.0
488,Lauren Hipple,Lauren Hipple,Lauren Hipple,True,0.0
207,Lauren McPherson-Siegrist,Lauren McPherson-Siegrist,,True,0.0
369,Lawrence Zhu,Lawrence Zhu,,True,0.0
208,Le Cafe Coffee,Le Cafe Coffee,Le Cafe Coffee,True,0.0
856,Level9 Talent Limited,Level9 Talent Limited,Level9 Talent Limited,True,0.0
694,Lewis Stevenson Office Solutions,Lewis Stevenson Office Solutions,Lewis Stevenson Office Solutions,True,0.0
209,LineSlip Solutions,LineSlip Solutions,LineSlip Solutions,True,0.0
210,LinkedIn,LinkedIn,LinkedIn,True,0.0
594,Lisa Tran,Lisa Tran,,True,0.0
409,Lodging (Generic),Lodging (Generic),Lodging (Generic),True,0.0
211,Logan Airport,Logan Airport,Logan Airport,True,0.0
212,Long Arc Capital LP,Long Arc Capital LP,Long Arc Capital LP,True,1370.74
682,"Lotte Hotel New York Palace, LLC 1","Lotte Hotel New York Palace, LLC 1","Lotte Hotel New York Palace, LLC",True,0.0
214,LucidChart,LucidChart,LucidChart,True,0.0
959,MA Department of Finance,MA Department of Finance,MA Department of Finance,True,0.0
216,MA Dept of Revenue,MA Dept of Revenue,MA Dept of Revenue,True,0.0
752,MADE HOTEL44 W 29 LLC,MADE HOTEL44 W 29 LLC,MADE HOTEL44 W 29 LLC,True,0.0
638,MADISON & VINEMADISON & VINE LLC,MADISON & VINEMADISON & VINE LLC,MADISON & VINEMADISON & VINE LLC,True,0.0
680,"MAGNOLIA BAKERY ONLINE, LLC","MAGNOLIA BAKERY ONLINE, LLC","MAGNOLIA BAKERY ONLINE, LLC",True,0.0
751,MANDARIN ORIENTAL MIAMISWIRE BRICKELL KEY HOTEL,MANDARIN ORIENTAL MIAMISWIRE BRICKELL KEY HOTEL,MANDARIN ORIENTAL MIAMISWIRE BRICKELL KEY HOTEL,True,0.0
891,MARK PAYPAL,MARK PAYPAL,MARK PAYPAL,True,0.0
649,MARK PAYPALPAYPAL INC MARK,MARK PAYPALPAYPAL INC MARK,MARK PAYPALPAYPAL INC MARK,True,0.0
723,MARKS AND SPENCER HEATHROW AIRPORTMOTO HOSPITALITY,MARKS AND SPENCER HEATHROW AIRPORTMOTO HOSPITALITY,MARKS AND SPENCER HEATHROW AIRPORTMOTO HOSPITALITY,True,0.0
571,MASON JAR NYCBUNGALOW ONE LLC,MASON JAR NYCBUNGALOW ONE LLC,MASON JAR NYCBUNGALOW ONE LLC,True,0.0
753,"MASTER CONCESSION AIR  GABMASTER CONCESSION AIR, L","MASTER CONCESSION AIR  GABMASTER CONCESSION AIR, L","MASTER CONCESSION AIR  GABMASTER CONCESSION AIR, L",True,0.0
632,MEMBERSHIP REWARDS  ADJUSTMENT,MEMBERSHIP REWARDS  ADJUSTMENT,MEMBERSHIP REWARDS  ADJUSTMENT,True,0.0
935,MENUFY.COM,MENUFY.COM,MENUFY.COM,True,0.0
617,MERRICK PARK12 OAKS PARKING LLC,MERRICK PARK12 OAKS PARKING LLC,MERRICK PARK12 OAKS PARKING LLC,True,0.0
875,METRO DELI,METRO DELI,METRO DELI,True,0.0
836,"MICHAEL'S55TH AND 5TH, LLC","MICHAEL'S55TH AND 5TH, LLC","MICHAEL'S55TH AND 5TH, LLC",True,0.0
828,MICROSOFT STORE,MICROSOFT STORE,MICROSOFT STORE,True,0.0
725,MIKE'S,MIKE'S,MIKE'S,True,0.0
817,"MIXPANEL, INC.","MIXPANEL, INC.","MIXPANEL, INC.",True,0.0
810,"MONKEY BAR60 E 54TH STREET RESTAURANT, LLC","MONKEY BAR60 E 54TH STREET RESTAURANT, LLC","MONKEY BAR60 E 54TH STREET RESTAURANT, LLC",True,0.0
554,MORGAN MECHANICAL,MORGAN MECHANICAL,MORGAN MECHANICAL,True,2721.88
600,MOS MOS COFFEENIA INC.,MOS MOS COFFEENIA INC.,MOS MOS COFFEENIA INC.,True,0.0
231,MTA,MTA,MTA,True,0.0
907,MTA LIRR MOBILEMTA LONG ISLAND RAIL ROAD,MTA LIRR MOBILEMTA LONG ISLAND RAIL ROAD,MTA LIRR MOBILEMTA LONG ISLAND RAIL ROAD,True,0.0
833,MUI,MUI,MUI,True,0.0
233,MUI Store,MUI Store,MUI Store,True,0.0
550,MUIMATERIAL-UI,MUIMATERIAL-UI,MUIMATERIAL-UI,True,0.0
217,Magnolia Bakery,Magnolia Bakery,Magnolia Bakery,True,0.0
536,Manhattan Alternative Investment Network,Manhattan Alternative Investment Network,Manhattan Alternative Investment Network,True,0.0
218,Manhattan Mini Storage,Manhattan Mini Storage,Manhattan Mini Storage,True,0.0
588,Marcus Evans (NA) Ltd,Marcus Evans (NA) Ltd,Marcus Evans (NA) Ltd,True,0.0
219,Mark Bailey,Mark Bailey,,True,0.0
220,Market Street Talent,Market Street Talent,Market Street Talent,True,0.0
221,Markitors LLC,Markitors LLC,Markitors LLC,True,0.0
765,Marriott Hotels,Marriott Hotels,Marriott Hotels,True,0.0
427,Marsh USA LLC,Marsh USA LLC,Marsh USA LLC,True,0.0
222,Marstar Investments,Marstar Investments,Marstar Investments,True,0.0
223,Mary Langevin,Mary Langevin,,True,0.0
503,Matt Stokes Photography,Matt Stokes Photography,Matt Stokes Photography,True,0.0
659,Matthew Grimes,Matthew Grimes,,True,0.0
361,Max Kral,Max Kral,,True,0.0
556,Melanie Anglars,Melanie Anglars,,True,0.0
224,Meltzer Hellrung LLC,Meltzer Hellrung LLC,Meltzer Hellrung LLC,True,0.0
445,Michael Mofina,Michael Mofina,,True,0.0
225,Michael's,Michael's,Michael's,True,0.0
362,Microsoft,Microsoft,,True,0.0
226,Mikaela DePeppe,Mikaela DePeppe,,True,0.0
227,Mixpanel,Mixpanel,Mixpanel,True,0.0
228,Moelis,Moelis,Moelis,True,0.0
229,Molly Goulet,Molly Goulet,,True,0.0
230,"Morse, Barnes-Brown, Pendleton PC","Morse, Barnes-Brown, Pendleton PC","Morse, Barnes-Brown, Pendleton PC",True,53945.0
232,Much Shelist,Much Shelist,Much Shelist,True,0.0
234,Murray's bagels,Murray's bagels,Murray's bagels,True,0.0
650,NATIONALRAINATIONAL RAILROAD PASSENGER CORPORATION,NATIONALRAINATIONAL RAILROAD PASSENGER CORPORATION,NATIONALRAINATIONAL RAILROAD PASSENGER CORPORATION,True,0.0
732,NAYA 285 MAD LLC-MOTONAYA GROUP LLC,NAYA 285 MAD LLC-MOTONAYA GROUP LLC,NAYA 285 MAD LLC-MOTONAYA GROUP LLC,True,0.0
631,NAYA NOMAD LLC - MOTONAYA GROUP LLC,NAYA NOMAD LLC - MOTONAYA GROUP LLC,NAYA NOMAD LLC - MOTONAYA GROUP LLC,True,0.0
704,NAYAX VENDING 47NAYAX LLC,NAYAX VENDING 47NAYAX LLC,NAYAX VENDING 47NAYAX LLC,True,0.0
236,NC Dept of Revenue,NC Dept of Revenue,NC Dept of Revenue,True,0.0
948,NEW YORK YANKEES PRNSHP 2,NEW YORK YANKEES PRNSHP 2,NEW YORK YANKEES PRNSHP 2,True,0.0
794,"NGUYEN COFFEE SUPPLYNGUYEN COFFEE SUPPLY, INC.","NGUYEN COFFEE SUPPLYNGUYEN COFFEE SUPPLY, INC.","NGUYEN COFFEE SUPPLYNGUYEN COFFEE SUPPLY, INC.",True,0.0
239,NH Dept of Revenue,NH Dept of Revenue,NH Dept of Revenue,True,0.0
764,NOBU 57NOBU 57 LLC,NOBU 57NOBU 57 LLC,NOBU 57NOBU 57 LLC,True,0.0
557,NOGLUNOGLU NY LLC,NOGLUNOGLU NY LLC,NOGLUNOGLU NY LLC,True,0.0
845,NOMAD DINERAYYA HOTEL F&B LLC,NOMAD DINERAYYA HOTEL F&B LLC,NOMAD DINERAYYA HOTEL F&B LLC,True,0.0
919,NONONOYAKITORI AS IT IS INC.,NONONOYAKITORI AS IT IS INC.,NONONOYAKITORI AS IT IS INC.,True,0.0
240,NY Cares,NY Cares,NY Cares,True,0.0
241,NYC Department of Finance,NYC Department of Finance,NYC Department of Finance,True,0.0
687,NYC WINE MERCHANTSGOURMET BAY INC.,NYC WINE MERCHANTSGOURMET BAY INC.,NYC WINE MERCHANTSGOURMET BAY INC.,True,0.0
563,NYCT PAYGONEW YORK CITY TRANSIT AUTHORITY,NYCT PAYGONEW YORK CITY TRANSIT AUTHORITY,NYCT PAYGONEW YORK CITY TRANSIT AUTHORITY,True,0.0
242,NYS Tax & Finance,NYS Tax & Finance,NYS Tax & Finance,True,0.0
705,Natalie Davis,Natalie Davis,,True,0.0
235,Nathan Free,Nathan Free,,True,0.0
693,Neal Chatrath,Neal Chatrath,,True,3235.88
237,Nespresso,Nespresso,Nespresso,True,0.0
512,New York Department of Labour,New York Department of Labour,New York Department of Labour,True,0.0
238,New York State Department of Financial Services,New York State Department of Financial Services,New York State Department of Financial Services,True,0.0
463,New York State Department of State,New York State Department of State,New York State Department of State,True,0.0
502,Niranjan Potnis,Niranjan Potnis,,True,0.0
568,O'L DAYS NYCLAPACHO LLC,O'L DAYS NYCLAPACHO LLC,O'L DAYS NYCLAPACHO LLC,True,0.0
847,OCEANANEW OCEANA RESTAURANT CORP,OCEANANEW OCEANA RESTAURANT CORP,OCEANANEW OCEANA RESTAURANT CORP,True,0.0
731,"ONE WORLD WIRELESSONE WORLD WIRELESS, INC.","ONE WORLD WIRELESSONE WORLD WIRELESS, INC.","ONE WORLD WIRELESSONE WORLD WIRELESS, INC.",True,0.0
690,ONEPAK INC,ONEPAK INC,ONEPAK INC,True,0.0
789,"OPENAI, LLCOPENAI LLC","OPENAI, LLCOPENAI LLC","OPENAI, LLCOPENAI LLC",True,0.0
633,OPPOSITE WALLBOUTIQUE OPPOSITE WALL INC.,OPPOSITE WALLBOUTIQUE OPPOSITE WALL INC.,OPPOSITE WALLBOUTIQUE OPPOSITE WALL INC.,True,0.0
808,ORBITAL KITCHENSORBITAL KITCHENS USQ LLC,ORBITAL KITCHENSORBITAL KITCHENS USQ LLC,ORBITAL KITCHENSORBITAL KITCHENS USQ LLC,True,0.0
570,OSCAR WILDECAMELOT CASTLE LLC,OSCAR WILDECAMELOT CASTLE LLC,OSCAR WILDECAMELOT CASTLE LLC,True,0.0
737,OSTERIA DELBIANCO22 CAFE INC,OSTERIA DELBIANCO22 CAFE INC,OSTERIA DELBIANCO22 CAFE INC,True,0.0
243,Olivia McIntosh,Olivia McIntosh,,True,0.0
425,Olivia Thomas,Olivia Thomas,Olivia Thomas,True,0.0
244,"Oneschema, Inc.","Oneschema, Inc.","Oneschema, Inc.",True,0.0
508,OpenAI,OpenAI,OpenAI,True,0.0
387,Oscar Wilde,Oscar Wilde,,True,0.0
708,"Outside General Counsel, LLP dba OGC","Outside General Counsel, LLP dba OGC","Outside General Counsel, LLP dba OGC",True,0.0
629,"Owl Labs, Inc.","Owl Labs, Inc.","Owl Labs, Inc.",True,0.0
700,PAPER COFFEE,PAPER COFFEE,PAPER COFFEE,True,0.0
877,PARLOR COFFEE,PARLOR COFFEE,PARLOR COFFEE,True,0.0
898,PARLOR COFFEE11 VANDERBILT ROASTERY LLC,PARLOR COFFEE11 VANDERBILT ROASTERY LLC,PARLOR COFFEE11 VANDERBILT ROASTERY LLC,True,0.0
580,PASTRAMI QUEEN - MOYNIHAN STATIONPQ MOYNHAN LLC,PASTRAMI QUEEN - MOYNIHAN STATIONPQ MOYNHAN LLC,PASTRAMI QUEEN - MOYNIHAN STATIONPQ MOYNHAN LLC,True,0.0
564,PATENT PENDING NYCWEST 27TH ST. CAFE LLC,PATENT PENDING NYCWEST 27TH ST. CAFE LLC,PATENT PENDING NYCWEST 27TH ST. CAFE LLC,True,0.0
248,PEI Media Ltd GBP,PEI Media Ltd GBP,PEI Media Ltd GBP,True,0.0
653,PIER LOTI MEDITERRANEANHOC WINE INC,PIER LOTI MEDITERRANEANHOC WINE INC,PIER LOTI MEDITERRANEANHOC WINE INC,True,0.0
607,PIGGYBACKPIG & SPROCKET LLC,PIGGYBACKPIG & SPROCKET LLC,PIGGYBACKPIG & SPROCKET LLC,True,0.0
528,PIONEERS BARCOMEDY CLUBHOUSE,PIONEERS BARCOMEDY CLUBHOUSE,PIONEERS BARCOMEDY CLUBHOUSE,True,0.0
575,PIZZERIA REGINA AT SOUTHOCEAN INC,PIZZERIA REGINA AT SOUTHOCEAN INC,PIZZERIA REGINA AT SOUTHOCEAN INC,True,0.0
698,PLANTICULAR,PLANTICULAR,PLANTICULAR,True,0.0
834,POPUP BAGELS - NYC PENN PLAZA,POPUP BAGELS - NYC PENN PLAZA,POPUP BAGELS - NYC PENN PLAZA,True,0.0
577,PRET A MANGER 0105EMPIRE JOINTSTAR INC,PRET A MANGER 0105EMPIRE JOINTSTAR INC,PRET A MANGER 0105EMPIRE JOINTSTAR INC,True,0.0
922,PRICELINE.COM,PRICELINE.COM,PRICELINE.COM,True,0.0
645,PRONTOELEVATE GOURMET BRANDS SFO GROUP,PRONTOELEVATE GOURMET BRANDS SFO GROUP,PRONTOELEVATE GOURMET BRANDS SFO GROUP,True,0.0
734,Paarus Sohi,Paarus Sohi,,True,2598.59
245,Paddle.net,Paddle.net,Paddle.net,True,0.0
450,Panera Bread,Panera Bread,,True,0.0
738,Paul Coverdale,Paul Coverdale,,True,0.0
246,"Peak Sales Recruiting, Inc.","Peak Sales Recruiting, Inc.","Peak Sales Recruiting, Inc.",True,0.0
247,Pei Media LTD,Pei Media LTD,Pei Media LTD,True,0.0
249,Peraspera Capital Holdings,Peraspera Capital Holdings,Peraspera Capital Holdings,True,0.0
800,Phaidon International (US) Inc,Phaidon International (US) Inc,DSJ GLOBAL,True,0.0
395,Phil Joyce,Phil Joyce,,True,0.0
480,Pink Lemonade Communications Inc,Pink Lemonade Communications Inc,Pink Lemonade Communications Inc,True,0.0
250,Pioneers Bar,Pioneers Bar,Pioneers Bar,True,0.0
251,Poke Bowl,Poke Bowl,Poke Bowl,True,0.0
553,Pranakhon,Pranakhon,Pranakhon,True,0.0
495,"Pritchard Industries, LLC","Pritchard Industries, LLC","Pritchard Industries, LLC",True,0.0
252,Priya Iyer,Priya Iyer,,True,0.0
770,Pro Tek Recycling Incorporated,Pro Tek Recycling Incorporated,Pro Tek Recycling Incorporated,True,0.0
475,PromoCentric LLC,PromoCentric LLC,PromoCentric LLC,True,0.0
253,Public Color,Public Color,Public Color,True,0.0
634,QUICK COLOR PROCESSING LQUICK COLOR CUSTOM PHOTO,QUICK COLOR PROCESSING LQUICK COLOR CUSTOM PHOTO,QUICK COLOR PROCESSING LQUICK COLOR CUSTOM PHOTO,True,0.0
439,Qatar Air,Qatar Air,Qatar Air,True,0.0
326,Queens Court Advisors LLC,Queens Court Advisors LLC,Queens Court Advisors LLC,True,0.0
254,Quiznos,Quiznos,Quiznos,True,0.0
578,RADISSON BLU FORMER PARK PLAZACHARISHMA  HOTELS PR,RADISSON BLU FORMER PARK PLAZACHARISHMA  HOTELS PR,RADISSON BLU FORMER PARK PLAZACHARISHMA  HOTELS PR,True,0.0
867,RESTAURANT TRANSACTION,RESTAURANT TRANSACTION,RESTAURANT TRANSACTION,True,0.0
843,RH NEW YORK RESTAURANTRH NY MP F&B LLC,RH NEW YORK RESTAURANTRH NY MP F&B LLC,RH NEW YORK RESTAURANTRH NY MP F&B LLC,True,0.0
792,"RITZ CARLTON WATER TOWERWATER TOWER HOTEL, LLC","RITZ CARLTON WATER TOWERWATER TOWER HOTEL, LLC","RITZ CARLTON WATER TOWERWATER TOWER HOTEL, LLC",True,0.0
750,ROSEWOOD SAND HILLSHR HOTEL LLC,ROSEWOOD SAND HILLSHR HOTEL LLC,ROSEWOOD SAND HILLSHR HOTEL LLC,True,0.0
936,ROYALTON ROOFTOP,ROYALTON ROOFTOP,ROYALTON ROOFTOP,True,0.0
518,Ramp Up Technology,Ramp Up Technology,Ramp Up Technology,True,0.0
942,RateGain Technologies LLC,RateGain Technologies LLC,RateGain Technologies LLC,True,6000.0
339,Removify Pty Ltd,Removify Pty Ltd,Removify Pty Ltd,True,0.0
255,Remy Keating,Remy Keating,,True,0.0
256,Repl.it,Repl.it,Repl.it,True,0.0
402,Replit,Replit,Replit,True,0.0
739,"Ricoh USA, Inc.","Ricoh USA, Inc.","Ricoh USA, Inc.",True,0.0
491,"Ride5 Group, LLC","Ride5 Group, LLC","Ride5 Group, LLC",True,0.0
257,Rogue Marketing,Rogue Marketing,Rogue Marketing,True,0.0
412,"Ronan Consulting, LLC",Judith Ronan,Judith Ronan,True,0.0
258,"Rossman, Inc.","Rossman, Inc.","Rossman, Inc.",True,0.0
392,Ruby Norris,Ruby Norris,,True,0.0
354,"SAM Advisory Council, Inc.","SAM Advisory Council, Inc.","SAM Advisory Council, Inc.",True,0.0
681,SANT AMBROEUS BROOKFIELDSABF LLC,SANT AMBROEUS BROOKFIELDSABF LLC,SANT AMBROEUS BROOKFIELDSABF LLC,True,0.0
612,SANTAMBROEUS MADISON1000 MADISON LLC,SANTAMBROEUS MADISON1000 MADISON LLC,SANTAMBROEUS MADISON1000 MADISON LLC,True,0.0
543,SBUX07792STARBUCKS COFFEE COMPANY,SBUX07792STARBUCKS COFFEE COMPANY,SBUX07792STARBUCKS COFFEE COMPANY,True,0.0
541,SCARPETTA NYCLDV NOMAD LLC,SCARPETTA NYCLDV NOMAD LLC,SCARPETTA NYCLDV NOMAD LLC,True,0.0
533,SELBY JENNINGS,SELBY JENNINGS,SELBY JENNINGS,True,0.0
267,SFU 72 Ellis St,SFU 72 Ellis St,SFU 72 Ellis St,True,0.0
892,SHUTTERS ON THE BEACHBY THE BLUE SEA LLC,SHUTTERS ON THE BEACHBY THE BLUE SEA LLC,SHUTTERS ON THE BEACHBY THE BLUE SEA LLC,True,0.0
786,SIENA CAFEDYLIAM CORP,SIENA CAFEDYLIAM CORP,SIENA CAFEDYLIAM CORP,True,0.0
269,SIIA,Software & Information Industry Association,Software & Information Industry Association,True,0.0
717,SIREN57845SIREN RETAIL CORPORATION,SIREN57845SIREN RETAIL CORPORATION,SIREN57845SIREN RETAIL CORPORATION,True,0.0
906,SITAONAIRSITA SWITZERLAND SARL,SITAONAIRSITA SWITZERLAND SARL,SITAONAIRSITA SWITZERLAND SARL,True,0.0
812,"SLACK TECHNOLOGIES, LLC","SLACK TECHNOLOGIES, LLC","SLACK TECHNOLOGIES, LLC",True,0.0
873,SLATE CAFE - NOMADNOMAD KITCHEN LLC,SLATE CAFE - NOMADNOMAD KITCHEN LLC,SLATE CAFE - NOMADNOMAD KITCHEN LLC,True,0.0
925,SNICKERDOODLE INC OPERATING AS COOKIES,SNICKERDOODLE INC OPERATING AS COOKIES,SNICKERDOODLE INC OPERATING AS COOKIES,True,0.0
615,SOBA DADDY INC,SOBA DADDY INC,SOBA DADDY INC,True,0.0
876,SOHO HOUSE NEW YORK INC,SOHO HOUSE NEW YORK INC,SOHO HOUSE NEW YORK INC,True,0.0
781,SOUTHERN SUGAR BAKERY,SOUTHERN SUGAR BAKERY,SOUTHERN SUGAR BAKERY,True,0.0
848,SPITFIRE CHEESE & SUNDRYHYDRA HOSPITALITY 2 LLC,SPITFIRE CHEESE & SUNDRYHYDRA HOSPITALITY 2 LLC,SPITFIRE CHEESE & SUNDRYHYDRA HOSPITALITY 2 LLC,True,0.0
531,SPOTNANA USSPOTNANA TECHNOLOGY INC,SPOTNANA USSPOTNANA TECHNOLOGY INC,SPOTNANA USSPOTNANA TECHNOLOGY INC,True,0.0
585,SPOTNANASPOTNANA TECHNOLOGY INC,SPOTNANASPOTNANA TECHNOLOGY INC,SPOTNANASPOTNANA TECHNOLOGY INC,True,0.0
275,"SRI Cheyenne, Inc.","SRI Cheyenne, Inc.","SRI Cheyenne, Inc.",True,0.0
785,ST. PATS22 WEST 46 STREET LTD,ST. PATS22 WEST 46 STREET LTD,ST. PATS22 WEST 46 STREET LTD,True,0.0
762,"STATE GRILLDELAWARE NORTH COMPANIES, INC","STATE GRILLDELAWARE NORTH COMPANIES, INC","STATE GRILLDELAWARE NORTH COMPANIES, INC",True,0.0
635,STK NYC DOWNTOWNLITTLE WEST 12TH LLC,STK NYC DOWNTOWNLITTLE WEST 12TH LLC,STK NYC DOWNTOWNLITTLE WEST 12TH LLC,True,0.0
545,STOREHOUSE NYCMBG TAVERNS ON 6TH,STOREHOUSE NYCMBG TAVERNS ON 6TH,STOREHOUSE NYCMBG TAVERNS ON 6TH,True,0.0
641,"SUNDECKCOMPASS GROUP USA, INC","SUNDECKCOMPASS GROUP USA, INC","SUNDECKCOMPASS GROUP USA, INC",True,0.0
841,SWEET E'S BAKE SHOP,SWEET E'S BAKE SHOP,SWEET E'S BAKE SHOP,True,0.0
779,SWEET E'S BAKE SHOPSWEET E'S INC,SWEET E'S BAKE SHOPSWEET E'S INC,SWEET E'S BAKE SHOPSWEET E'S INC,True,0.0
894,"SWEET E'S BAKE SHOPSWEET E'S, INC.","SWEET E'S BAKE SHOPSWEET E'S, INC.","SWEET E'S BAKE SHOPSWEET E'S, INC.",True,0.0
880,SWEETGREEN,SWEETGREEN,SWEETGREEN,True,0.0
729,"SWEETGREENSWEETGREEN, INC","SWEETGREENSWEETGREEN, INC","SWEETGREENSWEETGREEN, INC",True,0.0
260,Salesforce,Salesforce,Salesforce,True,0.0
330,"Salesloft, Inc.","Salesloft, Inc.","SalesLoft, Inc.",True,0.0
261,Sam Ostler,Sam Ostler,,True,0.0
262,Sancha Sushi,Sancha Sushi,Sancha Sushi,True,0.0
263,Sanctuary Hotel,Sanctuary Hotel,Sanctuary Hotel,True,0.0
264,Sarah Ahearn,Sarah Ahearn,,True,0.0
265,Seamless.AI,Seamless.AI,Seamless.AI,True,0.0
490,Secretary of the State of Connecticut Certificate of Authority,Secretary of the State of Connecticut Certificate of Authority,Secretary of the State of Connecticut Certificate of Authority,True,0.0
397,"Securenomics, Inc.",Securenomics,"Securenomics, Inc.",True,0.0
368,Sedong Hwang,Sedong Hwang,,True,0.0
413,See Ya Manana (CC),See Ya Manana (CC),See Ya Manana (CC),True,0.0
266,Sentry,Sentry,Sentry,True,0.0
346,Shaan Singh,Shaan Singh,,True,0.0
489,Shane Torchiana,Shane Torchiana,Shane Torchiana,True,0.0
366,Sharer Consulting LLC,Sharer Consulting LLC,Sharer Consulting LLC,True,0.0
410,Sheraton,Sheraton,Sheraton,True,0.0
268,Shojo,Shojo,Shojo,True,0.0
471,Signs.com,Signs.com,Signs.com,True,0.0
516,SilverFox Advisory,SilverFox Advisory,SilverFox Advisory,True,0.0
270,Siren,Siren,Siren,True,0.0
271,Slack,Slack,Slack,True,0.0
438,Slashbit Inc.,Slashbit Inc.,Slashbit Inc.,True,0.0
886,Sloan Danenhower,Sloan Danenhower,Sloan Danenhower,True,2817.81
492,Smith Nomad,Smith Nomad,Smith Nomad,True,0.0
371,Sofia Perez Wolfes,Sofia Perez Wolfes,,True,0.0
360,Software & Information Industry Association,Software & Information Industry Association,Software & Information Industry Association,True,0.0
272,SonarCloud,SonarCloud,SonarCloud,True,0.0
433,Sonos,Sonos,Sonos,True,0.0
273,Sorbus Advisors LLC,"Sorbus Advisors, LLC",Sorbus Advisors LLC,True,0.0
726,"Sound Management Group, LLC.","Sound Management Group, LLC.","Sound Management Group, LLC.",True,0.0
274,Square,Square,Square,True,0.0
377,Sreen Alibeg,Sreen Alibeg,,True,0.0
276,St. Jude's Hospital,St. Jude's Hospital,St. Jude's Hospital,True,0.0
277,Staples,Staples,Staples,True,0.0
278,Star of Siam,Star of Siam,Star of Siam,True,0.0
279,Starbucks,Starbucks,Starbucks,True,0.0
280,State of Delaware,State of Delaware,State of Delaware,True,11853.16
281,State of NJ,State of NJ,State of NJ,True,0.0
282,State of Utah,State of Utah,State of Utah,True,0.0
283,Stone Point Capital LLC (V),Stone Point Capital LLC (V),Stone Point Capital LLC (V),True,0.0
284,Storehouse,Storehouse,Storehouse,True,0.0
507,Stories on Board,Stories on Board,Stories on Board,True,0.0
505,Sullivan & Cromwell LLP,Sullivan & Cromwell LLP,Sullivan & Cromwell LLP,True,0.0
285,Symplicity,Symplicity,Symplicity,True,0.0
713,TACOMBI - EMPIRE STATE BLDGTACOMBI INTER-GRUPO NAC,TACOMBI - EMPIRE STATE BLDGTACOMBI INTER-GRUPO NAC,TACOMBI - EMPIRE STATE BLDGTACOMBI INTER-GRUPO NAC,True,0.0
691,TACOMBI - FLATIRONTACOMBI INTER-GRUPO NACIONAL LLC,TACOMBI - FLATIRONTACOMBI INTER-GRUPO NACIONAL LLC,TACOMBI - FLATIRONTACOMBI INTER-GRUPO NACIONAL LLC,True,0.0
519,"TASKER ON TASKRABBITTASKRABBIT, INC.","TASKER ON TASKRABBITTASKRABBIT, INC.","TASKER ON TASKRABBITTASKRABBIT, INC.",True,0.0
809,"TASKRABBIT, INC.","TASKRABBIT, INC.","TASKRABBIT, INC.",True,0.0
756,TATTE BAKERY BACKBAYTATTE HOLDINGS LLC,TATTE BAKERY BACKBAYTATTE HOLDINGS LLC,TATTE BAKERY BACKBAYTATTE HOLDINGS LLC,True,0.0
286,TATTE Bakery - Welle,TATTE Bakery - Welle,TATTE Bakery - Welle,True,0.0
567,TAVERN ON JANEJST RESTAURANT CORP,TAVERN ON JANEJST RESTAURANT CORP,TAVERN ON JANEJST RESTAURANT CORP,True,0.0
761,TECHPARK HOTELS PVT LTD,TECHPARK HOTELS PVT LTD,TECHPARK HOTELS PVT LTD,True,0.0
870,TECHVERA,TECHVERA,TECHVERA,True,0.0
926,TERRA KAFFE,TERRA KAFFE,TERRA KAFFE,True,0.0
696,"TERRA KAFFETERRA KAFFE, INC.","TERRA KAFFETERRA KAFFE, INC.","TERRA KAFFETERRA KAFFE, INC.",True,0.0
908,TFSPL-BOMBAY BRASSARIE T2TRAVEL FOOD SERVICES PVT,TFSPL-BOMBAY BRASSARIE T2TRAVEL FOOD SERVICES PVT,TFSPL-BOMBAY BRASSARIE T2TRAVEL FOOD SERVICES PVT,True,0.0
763,THE AINSWORTH - NYAINSWORTH 33 LLC,THE AINSWORTH - NYAINSWORTH 33 LLC,THE AINSWORTH - NYAINSWORTH 33 LLC,True,0.0
606,THE BATTERY WHARF HOTELBBWH HOSPITALITY LLC,THE BATTERY WHARF HOTELBBWH HOSPITALITY LLC,THE BATTERY WHARF HOTELBBWH HOSPITALITY LLC,True,0.0
574,"THE BOSTON SAIL LOFTM. COOKE, INC.","THE BOSTON SAIL LOFTM. COOKE, INC.","THE BOSTON SAIL LOFTM. COOKE, INC.",True,0.0
722,"THE BUZZCLEARVIEW SPIRITS, INC.","THE BUZZCLEARVIEW SPIRITS, INC.","THE BUZZCLEARVIEW SPIRITS, INC.",True,0.0
727,THE CONSULATE MIDTOWN,THE CONSULATE MIDTOWN,THE CONSULATE MIDTOWN,True,0.0
583,"THE GREY DOG - FLATIRONTHE GREY DOG FLATIRON, INC","THE GREY DOG - FLATIRONTHE GREY DOG FLATIRON, INC","THE GREY DOG - FLATIRONTHE GREY DOG FLATIRON, INC",True,0.0
927,"THE GRILL RESTAURANT375 PARK FOOD, LLC","THE GRILL RESTAURANT375 PARK FOOD, LLC","THE GRILL RESTAURANT375 PARK FOOD, LLC",True,0.0
701,THE HOME DEPOT #3405HOME DEPOT 3405,THE HOME DEPOT #3405HOME DEPOT 3405,THE HOME DEPOT #3405HOME DEPOT 3405,True,0.0
957,"THE LANGHAM NEW YORK, FIF","THE LANGHAM NEW YORK, FIF","THE LANGHAM NEW YORK, FIF",True,0.0
637,THE NEWBURY BOSTON HOTELIREP NEWBURY HOTEL LLC,THE NEWBURY BOSTON HOTELIREP NEWBURY HOTEL LLC,THE NEWBURY BOSTON HOTELIREP NEWBURY HOTEL LLC,True,0.0
807,THE NOUN PROJECT,THE NOUN PROJECT,THE NOUN PROJECT,True,0.0
860,THE PORTRAIT BARCOSMIC REALTY PARTNERS LLC,THE PORTRAIT BARCOSMIC REALTY PARTNERS LLC,THE PORTRAIT BARCOSMIC REALTY PARTNERS LLC,True,0.0
663,THE UPS STORE 1510DOUBLE DIP SHIP INC,THE UPS STORE 1510DOUBLE DIP SHIP INC,THE UPS STORE 1510DOUBLE DIP SHIP INC,True,0.0
569,THE VALLEY INN - ATLAS RESTAURANT GROUPVALLEY INN,THE VALLEY INN - ATLAS RESTAURANT GROUPVALLEY INN,THE VALLEY INN - ATLAS RESTAURANT GROUPVALLEY INN,True,0.0
714,THEATER DISTRICTDIG INN 856 EIGHTH AVENUE LLC,THEATER DISTRICTDIG INN 856 EIGHTH AVENUE LLC,THEATER DISTRICTDIG INN 856 EIGHTH AVENUE LLC,True,0.0
754,TICKETWEBTICKETMASTER LLC,TICKETWEBTICKETMASTER LLC,TICKETWEBTICKETMASTER LLC,True,0.0
602,TIM HORTONS 4215QTHHOST INTERNATIONAL OF CANADA LT,TIM HORTONS 4215QTHHOST INTERNATIONAL OF CANADA LT,TIM HORTONS 4215QTHHOST INTERNATIONAL OF CANADA LT,True,0.0
662,TM 155 CORP,TM 155 CORP,TM 155 CORP,True,0.0
702,TOCKTOCK LLC,TOCKTOCK LLC,TOCKTOCK LLC,True,0.0
299,TONYS DI NAPOLI,TONYS DI NAPOLI,TONYS DI NAPOLI,True,0.0
871,TRAVEL RESERVATION USA,TRAVEL RESERVATION USA,TRAVEL RESERVATION USA,True,0.0
760,"TRAVEL RESERVATION USEXPEDIA, INC.","TRAVEL RESERVATION USEXPEDIA, INC.","TRAVEL RESERVATION USEXPEDIA, INC.",True,0.0
537,Tacombi,Tacombi,Tacombi,True,0.0
287,Taylor Petty,Taylor Petty,Taylor Petty,True,0.0
288,Taza,Taza,Taza,True,0.0
668,"Techvera, LLC","Techvera, LLC","Techvera, LLC",True,0.0
289,The Buzz,The Buzz,The Buzz,True,0.0
504,The Chelsea Bell,The Chelsea Bell,The Chelsea Bell,True,0.0
290,The Company Dime,The Company Dime,The Company Dime,True,0.0
291,The Developer Link,The Developer Link,The Developer Link,True,0.0
370,The Eddy Taproom & Hotel,The Eddy Taproom & Hotel,The Eddy Taproom & Hotel,True,0.0
292,The Goodkind Group,The Goodkind Group,The Goodkind Group,True,0.0
293,The Hartford,The Hartford,The Hartford,True,0.0
294,The Harvard club,The Harvard club,The Harvard club,True,0.0
296,The Marker Hotel,The Marker Hotel,The Marker Hotel,True,0.0
710,The SunBlocker LLC,The SunBlocker LLC,The SunBlocker LLC,True,0.0
295,The little beet,The little beet,The little beet,True,0.0
365,Think Nomad,Think Nomad,Think Nomad,True,0.0
430,Thomas Fricilone,Thomas Fricilone,Thomas Fricilone,True,0.0
297,Thomas Shambo,Thomas Shambo,,True,0.0
902,Thrive Operations,Thrive Operations,Thrive Operations,True,8269.93
525,Tom Boran,Tom Boran,,True,0.0
298,Tom Irby,Tom Irby,,True,0.0
300,Tous Les Jours,Tous Les Jours,Tous Les Jours,True,0.0
351,Tradeshow Booth,Tradeshow Booth,Tradeshow Booth,True,0.0
403,Transport - General,Transport - General,Transport - General,True,0.0
301,Travelport LP,Travelport LP,Travelport LP,True,1753.2
302,"Treeline, Inc.","Treeline, Inc.","Treeline, Inc.",True,0.0
447,TriNet,TriNet,TriNet,True,0.0
303,Triplebyte,Triplebyte,Triplebyte,True,0.0
304,Tropicana Rooms,Tropicana Rooms,Tropicana Rooms,True,0.0
305,Typeform,Typeform,Typeform,True,0.0
308,UMG Cleaning,UMG Cleaning,UMG Cleaning,True,0.0
874,UNITED AIRLINES ARC,UNITED AIRLINES ARC,UNITED AIRLINES ARC,True,0.0
881,UNITED ELEC TICKETNG,UNITED ELEC TICKETNG,UNITED ELEC TICKETNG,True,0.0
558,UNKNOWN,UNKNOWN,UNKNOWN,True,0.0
621,UPE EXPRESS UNION TVM 25METROLINX,UPE EXPRESS UNION TVM 25METROLINX,UPE EXPRESS UNION TVM 25METROLINX,True,0.0
521,UPRINTINGDIGITAL ROOM INC,UPRINTINGDIGITAL ROOM INC,UPRINTINGDIGITAL ROOM INC,True,0.0
399,UPS,UPS,,True,0.0
501,USPS,USPS,,True,0.0
591,USPS PO HAMPTONUNITED STATES POSTAL SERVICE,USPS PO HAMPTONUNITED STATES POSTAL SERVICE,USPS PO HAMPTONUNITED STATES POSTAL SERVICE,True,0.0
928,USPS PO MURRAY HILLUNITED STATES POSTAL SERVICE,USPS PO MURRAY HILLUNITED STATES POSTAL SERVICE,USPS PO MURRAY HILLUNITED STATES POSTAL SERVICE,True,0.0
937,USPS.COM CHANGE OF ADDRES,USPS.COM CHANGE OF ADDRES,USPS.COM CHANGE OF ADDRES,True,0.0
711,USPS.COM CHANGE OF ADDRESUNITED STATES POSTAL SERV,USPS.COM CHANGE OF ADDRESUNITED STATES POSTAL SERV,USPS.COM CHANGE OF ADDRESUNITED STATES POSTAL SERV,True,0.0
566,Uber,Uber,Uber,True,0.0
306,Uber Eats,Uber Eats,Uber Eats,True,0.0
307,Uber Technologies Inc.,Uber Technologies Inc.,Uber Technologies Inc.,True,0.0
335,Uber.com,Uber.com,,True,0.0
309,United Airlines,United Airlines,United Airlines,True,0.0
398,United States Treasury,United States Treasury,United States Treasury,True,0.0
310,Upwork,Upwork,Upwork,True,0.0
909,VEED LIMITED,VEED LIMITED,VEED LIMITED,True,0.0
548,VERIZONCOMFIOSVERIZON NETWORK FUNDING,VERIZONCOMFIOSVERIZON NETWORK FUNDING,VERIZONCOMFIOSVERIZON NETWORK FUNDING,True,0.0
547,VERIZONVERIZON NETWORK FUNDING,VERIZONVERIZON NETWORK FUNDING,VERIZONVERIZON NETWORK FUNDING,True,0.0
911,VESTABOARD,VESTABOARD,VESTABOARD,True,0.0
712,VILLA BERULIA RESTAURANTVILLA BERULIA INC,VILLA BERULIA RESTAURANTVILLA BERULIA INC,VILLA BERULIA RESTAURANTVILLA BERULIA INC,True,0.0
865,VTS AWESOME TAXI MANAGEMECURB MOBILITY,VTS AWESOME TAXI MANAGEMECURB MOBILITY,VTS AWESOME TAXI MANAGEMECURB MOBILITY,True,0.0
866,VTS DIAMOND TAXICURB MOBILITY,VTS DIAMOND TAXICURB MOBILITY,VTS DIAMOND TAXICURB MOBILITY,True,0.0
648,VTS WHITE & BLUE GROUPCURB MOBILITY,VTS WHITE & BLUE GROUPCURB MOBILITY,VTS WHITE & BLUE GROUPCURB MOBILITY,True,0.0
483,Validity Inc.(CC),Validity Inc.(CC),Validity Inc.(CC),True,0.0
311,Vanbridge LLC,Vanbridge LLC,Vanbridge LLC,True,0.0
312,VeArc Holdings LLC,VeArc Holdings LLC,VeArc Holdings LLC,True,0.0
667,Vedder Price P.C.,Vedder Price P.C.,Vedder Price P.C.,True,0.0
313,Verizon,Verizon,Verizon,True,0.0
314,Viasat,Viasat,Viasat,True,0.0
315,Vino,Vino,Vino,True,0.0
350,VistaPrint,VistaPrint,VistaPrint,True,0.0
683,WALL STREET IT MANAGEMENT,WALL STREET IT MANAGEMENT,WALL STREET IT MANAGEMENT,True,0.0
640,WEB BOOKINGS FOR MANAGED CUSTOMERS BMCOMCAB LONDON,WEB BOOKINGS FOR MANAGED CUSTOMERS BMCOMCAB LONDON,WEB BOOKINGS FOR MANAGED CUSTOMERS BMCOMCAB LONDON,True,0.0
719,WH SMITH TRAVEL RETAILWH SMITH TRAVEL LIMITED,WH SMITH TRAVEL RETAILWH SMITH TRAVEL LIMITED,WH SMITH TRAVEL RETAILWH SMITH TRAVEL LIMITED,True,0.0
740,WHOLE FOODS MARKET  NOMWHOLE FOODS INC,WHOLE FOODS MARKET  NOMWHOLE FOODS INC,WHOLE FOODS MARKET  NOMWHOLE FOODS INC,True,0.0
741,WHOLE FOODS MARKET  NOMWHOLE FOODS INC ( 741 ),WHOLE FOODS MARKET  NOMWHOLE FOODS INC,WHOLE FOODS MARKET  NOMWHOLE FOODS INC,True,0.0
905,WINE CHATEAU,WINE CHATEAU,WINE CHATEAU,True,0.0
709,WOLFGANG'S STEAKHOUSEWOLF ON BROADWAY LLC,WOLFGANG'S STEAKHOUSEWOLF ON BROADWAY LLC,WOLFGANG'S STEAKHOUSEWOLF ON BROADWAY LLC,True,0.0
823,WOLFGANG'S STEAKHOUSEZMF RESTAURANTS LLC,WOLFGANG'S STEAKHOUSEZMF RESTAURANTS LLC,WOLFGANG'S STEAKHOUSEZMF RESTAURANTS LLC,True,0.0
689,WWW.BESTBUY.COM 888,WWW.BESTBUY.COM 888,WWW.BESTBUY.COM 888,True,0.0
678,WWW.SONARSOURCE.COM,WWW.SONARSOURCE.COM,WWW.SONARSOURCE.COM,True,0.0
944,WWW.STAPLES.COM 472,WWW.STAPLES.COM 472,WWW.STAPLES.COM 472,True,0.0
540,WWW.VISTAPRINT.COM,WWW.VISTAPRINT.COM,WWW.VISTAPRINT.COM,True,0.0
551,WWW.VISTAPRINT.COMVISTAPRINT NETHERLANDS BV,WWW.VISTAPRINT.COMVISTAPRINT NETHERLANDS BV,WWW.VISTAPRINT.COMVISTAPRINT NETHERLANDS BV,True,0.0
316,Wahoo Sales,Wahoo Sales,Wahoo,True,0.0
317,Wahoo Sales Limited,Wahoo Sales Limited,Wahoo Sales Limited,True,0.0
596,Walgreens,Walgreens,Walgreens,True,0.0
349,Wandering Bear,Wandering Bear,Wandering Bear,True,0.0
318,Wayfair,Wayfair,Wayfair,True,0.0
319,We Company Management Holdings LP,We Company Management Holdings LP,We Company Management Holdings LP,True,0.0
323,WeWork,WeWork,WeWork,True,0.0
320,Webflow,Webflow,Webflow,True,0.0
868,Weflow GmbH,Weflow GmbH,Weflow GmbH,True,0.0
321,Westside Market,Westside Market,Westside Market,True,0.0
322,Westville,Westville,Westville,True,0.0
479,Will Lau,Will Lau,,True,0.0
767,With Intelligence LLC,With Intelligence LLC,With Intelligence LLC,True,0.0
352,Zapier,Zapier,Zapier,True,0.0
443,Zendesk Inc.,Zendesk Inc.,Zendesk Inc.,True,0.0
345,Zoe Kerens,Zoe Kerens,,True,0.0
324,Zoom,Zoom,Zoom,True,0.0
325,ZoomInfo Technologies LLC,ZoomInfo Technologies LLC,ZoomInfo Technologies LLC,True,0.0
